segment,segment_definition,n_obs,price_elasticity_coef,std_err,p_value,r_squared,uber_market_share,uber_revenue_share,total_uber_trips,total_lyft_trips,total_rideshare_trips,total_trips,total_uber_revenue,total_lyft_revenue,total_market_revenue,uber_share_among_hvfhv_logit,uber_share_logit,avg_uber_fare_per_mile,avg_uber_take_rate,avg_uber_wait_time,avg_lyft_fare_per_mile,avg_lyft_take_rate,avg_lyft_wait_time,log_rel_fare_per_mile,opportunity_score,significant_10pct,significant_5pct
Brooklyn | low_rain | Evening | 0,"['PU_Borough', 'rain_bucket', 'PU_time_zone', 'PU_weekday']",99,-1.3297038826896106,0.3734384480261521,0.00036986143108796977,0.19648836841030082,0.7115118585309755,0.6951429060790697,17076000,6923600,23999600,26235696.0,85577555.29467237,37530304.321373634,123107859.61604601,0.9021633282771913,0.616836008832788,7.1822589825368635,0.16217133132059317,5.5822528112118865,7.393981536149069,0.19282687054314704,5.344698524618029,-0.032040100327699474,24.77048377890987,True,True
Brooklyn | high_rain | Evening | 0,"['PU_Borough', 'rain_bucket', 'PU_time_zone', 'PU_weekday']",118,1.2051769158638395,0.4666722425041961,0.009808989033924428,0.21686399833020154,0.7225374287072244,0.6673150750987428,19458800,7472400,26931200,29337080.0,81420834.08010478,40591746.06137775,122012580.14148253,0.9828173840658564,0.6928360927061272,6.8289476791912485,0.14837821002875845,5.251091520538296,7.061207071087657,0.20480790823122877,5.157697637263802,-0.05148908638263915,22.439953948157925,True,True
Queens | no_rain | Evening | 0,"['PU_Borough', 'rain_bucket', 'PU_time_zone', 'PU_weekday']",324,-0.9129173817675044,0.0975094057834861,7.798109362881034e-21,0.27074751479779624,0.7217040278935063,0.6691329826117908,35684800,13760400,49445200,57039918.0,203543984.77954507,100646647.08119921,304190631.8607443,0.963966996163735,0.5169520295857309,5.537747706012849,0.14394003437895672,6.077590619701664,5.606892130088619,0.18925904046280256,5.878393723445762,-0.03944836532257038,17.832165981454782,True,True
Brooklyn | low_rain | Afternoon | 0,"['PU_Borough', 'rain_bucket', 'PU_time_zone', 'PU_weekday']",113,-0.9142210283920891,0.2438986666606755,0.00017799167349758958,0.40000842104342005,0.7112602482602306,0.6932682865528766,16066800,6522400,22589200,27053220.0,80904404.59076072,35795588.99042558,116699993.5811863,0.9072328670230805,0.3790398260638274,7.220712080365568,0.16793730622657174,4.8515622764795285,7.359329066889784,0.19817228967870554,4.895561166813497,-0.023333290756607034,16.9817626127069,True,True
Manhattan | high_rain | Morning | 0,"['PU_Borough', 'rain_bucket', 'PU_time_zone', 'PU_weekday']",168,-0.8670085265214101,0.16740333050123293,2.228880045447971e-07,0.29180870967477957,0.7243673664269102,0.7950562905022274,18812400,7158400,25970800,39052028.0,222676372.05129844,57399862.43850915,280076234.4898076,0.9538516376149279,-0.02957227997706816,7.485814329668921,0.27767492887187867,3.9474919640866726,6.414604765774426,0.23490203558047845,4.125865236076474,0.10345078141299557,16.863812111043675,True,True
Queens | low_rain | Afternoon | 0,"['PU_Borough', 'rain_bucket', 'PU_time_zone', 'PU_weekday']",132,-0.8665728308884186,0.19089351149821415,5.637134345889254e-06,0.49797096714268374,0.7332955167827243,0.6993193136330038,14995600,5454000,20449600,24848931.0,92804269.70258668,39902303.52283047,132706573.22541715,1.0190473316042492,0.4190944787444287,6.081244743201555,0.163831706595767,4.849650813412816,6.2223539813104445,0.19824743717618395,4.747791233575562,-0.043524866104885124,16.208075829760315,True,True
Manhattan | low_rain | Morning | 0,"['PU_Borough', 'rain_bucket', 'PU_time_zone', 'PU_weekday']",132,-0.8125567535237872,0.17363427180586413,2.872913401553337e-06,0.366973897111293,0.7097295356629967,0.78947737243583,14233200,5821200,20054400,30287370.0,176356792.79359856,47027434.48257093,223384227.27616948,0.878177227796972,-0.07942324172162496,7.3753823765541835,0.2830860011259502,3.947169329693469,6.365977905974408,0.23703040140498344,4.133183438036389,0.10876752756345817,15.62091917552281,True,True
Brooklyn | low_rain | Morning | 0,"['PU_Borough', 'rain_bucket', 'PU_time_zone', 'PU_weekday']",105,-0.8493210051608552,0.27215654302957704,0.0018041705010443116,0.27235642581220476,0.7071340206185567,0.7143837012263704,10288800,4261200,14550000,17633052.0,60751962.8226429,24289119.04743762,85041081.87008052,0.8787090848275736,0.33308739060738957,6.539159527962083,0.19564340132408486,4.694762726745387,6.46111226090445,0.20163025913442967,4.750371431605848,0.0210448871311723,15.50745074599456,True,True
Manhattan | no_rain | Evening | 1,"['PU_Borough', 'rain_bucket', 'PU_time_zone', 'PU_weekday']",954,-0.6899960239164838,0.08953941480335353,1.2976253413984375e-14,0.09031505038155452,0.7249565011983776,0.8202574829060747,201326800,76382000,277708800,426304451.0,3078772371.5313854,674649493.7878568,3753421865.3192425,0.9785000303118396,-0.09885688774158156,9.724863472122635,0.2910379697245508,4.432294476436472,7.687778685374723,0.2410931858383304,4.640674848178991,0.15920838285936156,15.211606636919432,True,True
Queens | high_rain | Morning | 1,"['PU_Borough', 'rain_bucket', 'PU_time_zone', 'PU_weekday']",306,-0.7419025112631085,0.19528823247962504,0.00014527354112970663,0.1392340414268608,0.7158835070841508,0.729546673630127,31670400,12569200,44239600,57435433.0,231348952.72941494,85764346.65450712,317113299.38392204,0.9205478316045012,0.19784335266589145,6.5584380709905234,0.20290740995414383,4.738374277062742,6.40678061651005,0.20564805602608963,4.707760029944806,0.014965477322017787,14.522570784802568,True,True
Brooklyn | low_rain | Afternoon | 1,"['PU_Borough', 'rain_bucket', 'PU_time_zone', 'PU_weekday']",288,-0.7240185889878883,0.16891472970656157,1.816765965850882e-05,0.14996387357302332,0.7256912352834475,0.7098039873661057,33605600,12702800,46308400,60667004.0,189794097.7824241,77595352.20742401,267389449.9898481,0.9763465706247416,0.21284065322316353,7.8762899666180495,0.1905809716499455,4.528359224622826,7.943542509949369,0.2132671083814219,4.6585595440710295,-0.018722375585782096,14.049013647355782,True,True
Manhattan | low_rain | Evening | 1,"['PU_Borough', 'rain_bucket', 'PU_time_zone', 'PU_weekday']",306,-0.6152941641172688,0.14783424032513476,3.153970586206641e-05,0.07801228984874597,0.7198879424224479,0.8240015170789702,63214800,24597200,87812000,136340566.0,1051993337.6322794,224695255.56537014,1276688593.1976495,0.9469882627244359,-0.1323922602610671,9.89389004604328,0.30122085676932914,4.456288958095322,7.721928422564762,0.2436310206133864,4.741530810934147,0.17839725063907222,12.901202245644665,True,True
Queens | low_rain | Morning | 0,"['PU_Borough', 'rain_bucket', 'PU_time_zone', 'PU_weekday']",132,-0.6992574532609118,0.19277395068899814,0.00028635156278022407,0.3062184946371196,0.7134513791181077,0.7162738009906506,10750000,4317600,15067600,18183941.0,70780602.69636261,28037199.37662776,98817802.07299037,0.9150180805870846,0.3680319920745603,5.519197071637424,0.1900078895444046,4.592969240880474,5.48709271439813,0.2034537483286561,4.639945989057891,-0.017339755146806985,12.872482451920133,True,True
Queens | high_rain | Morning | 0,"['PU_Borough', 'rain_bucket', 'PU_time_zone', 'PU_weekday']",168,-0.6748500793017983,0.1697322203884059,7.009319965867187e-05,0.1054269053511373,0.7253348142768652,0.7107256316112041,13583200,5143600,18726800,22565856.0,84322553.63025978,34320351.42313171,118642905.05339149,0.9759336089569014,0.41154541948790946,5.5199240366358815,0.18534854269948023,4.666084899562894,5.55479869272203,0.20836018387463615,4.620953613572812,-0.02540820776519907,12.546562136430408,True,True
Queens | high_rain | Late Night | 1,"['PU_Borough', 'rain_bucket', 'PU_time_zone', 'PU_weekday']",257,-0.6326236519292175,0.13678113105393228,3.744541320751641e-06,0.1153155594434675,0.691257320425481,0.6942319772465099,9254000,4133200,13387200,15859668.0,72244154.49580532,31819266.469536737,104063420.96534206,0.832562422539597,0.41083634393690527,5.409386318287561,0.20332582907338306,6.096180832147456,5.144227183831399,0.21360398328402622,6.103780242393051,0.033585861724253784,11.67855594718704,True,True
Queens | no_rain | Evening | 1,"['PU_Borough', 'rain_bucket', 'PU_time_zone', 'PU_weekday']",954,-0.5599208779328669,0.0667538235386869,4.9512478330215564e-17,0.12057853424607679,0.7370522346678496,0.6934435536084931,95702400,34142400,129844800,153440501.0,659172072.9501982,291405763.5875339,950577836.5377321,1.0426163612360035,0.5094954274771967,5.706178224436257,0.1751029659262323,5.5329519010909936,5.855547095411992,0.22077347304389083,4.976923748304719,-0.03774954973030524,11.575009482995466,True,True
Brooklyn | no_rain | Afternoon | 0,"['PU_Borough', 'rain_bucket', 'PU_time_zone', 'PU_weekday']",301,-0.5929691116212775,0.15455079145253114,0.00012468521699339323,0.21417521549514462,0.7210850818602197,0.6798647999004214,41542000,16068400,57610400,69134984.0,196725657.26086992,92634311.50010136,289359968.7609713,0.9555862773032393,0.40764926317902855,7.048648163990119,0.16125435452471465,4.695114083058981,7.288567068406406,0.20723576442797226,4.761747688967668,-0.03887634715222317,11.552925146469644,True,True
Queens | low_rain | Late Night | 1,"['PU_Borough', 'rain_bucket', 'PU_time_zone', 'PU_weekday']",259,-0.6156488139806664,0.2268363000159642,0.00664628131637995,0.0641818940498392,0.6983854751907268,0.6988489021108603,9447200,4080000,13527200,15902144.0,72492915.9393512,31238971.912783474,103731887.85213467,0.8525758317096678,0.4357478459912899,5.3368963367302795,0.2040971426210442,5.902311038560468,5.222732436171797,0.21494380223433351,5.868668418409035,0.01460883445827244,11.36322725133227,True,True
Queens | low_rain | Evening | 0,"['PU_Borough', 'rain_bucket', 'PU_time_zone', 'PU_weekday']",132,-0.60409620221301,0.17859604333977666,0.0007183647418724913,0.18231671317535125,0.7323263780753659,0.6889822701425615,15049600,5500800,20550400,23584556.0,87321794.1615572,39418468.898461625,126740263.06001882,1.0156110743406948,0.5678056327808163,5.770528535638718,0.15132638075415414,6.108697129754674,5.8130470674541215,0.18730733445378123,5.9685490706463575,-0.03686813092847316,11.271015739999344,True,True
Brooklyn | low_rain | Evening | 1,"['PU_Borough', 'rain_bucket', 'PU_time_zone', 'PU_weekday']",234,-0.5858727810504535,0.3364401619049954,0.08161563166434779,0.10133612029535921,0.710235770421529,0.6859137276507011,29822800,12167200,41990000,48148277.0,153635187.55144495,70350980.61821015,223986168.16965508,0.9052096951197749,0.5019121118684391,6.925818428088281,0.19003632905829282,4.241102584737677,7.095831156418436,0.2275226714149702,4.276091071833438,-0.02990963050005879,11.264631538985617,True,False
Queens | high_rain | Evening | 1,"['PU_Borough', 'rain_bucket', 'PU_time_zone', 'PU_weekday']",306,-0.5761145186197607,0.11443059252609299,4.7879834794142e-07,0.1474335564620839,0.7293880385460565,0.6898482349692203,30669600,11378800,42048400,49548724.0,211911886.4173395,95274354.95471331,307186241.3720528,0.996353771750833,0.48733445292910904,5.878162104682713,0.17750722361580748,5.589044553080802,5.947762776541226,0.2183866641575157,5.13532296138957,-0.02600630925247397,11.25898574334292,True,True
Brooklyn | no_rain | Evening | 0,"['PU_Borough', 'rain_bucket', 'PU_time_zone', 'PU_weekday']",256,-0.5193304809175988,0.21029808401633898,0.013530316506008834,0.11132733389236882,0.7069394605857159,0.6764354364682846,39086400,16203200,55289600,60726091.0,175250649.29783237,83828990.60516843,259079639.9030008,0.8876249194704914,0.5925747994465553,6.68035572065616,0.1535308599123923,5.109751559394036,6.865364062241584,0.1948562004184985,5.135273223123755,-0.042034451964069686,10.060805598222304,True,True
Queens | high_rain | Late Night | 0,"['PU_Borough', 'rain_bucket', 'PU_time_zone', 'PU_weekday']",151,-0.5214293882134508,0.19857323953125214,0.008642542080634256,0.08203208133640505,0.7113269853483377,0.7085731371305497,8874800,3601600,12476400,13234601.0,56905405.679064706,23404449.00934452,80309854.68840922,0.8892578972426325,0.6998680581782891,5.678332127848987,0.19526556297742334,5.685638984042031,5.497748650876191,0.20193890536854608,5.636829055219607,0.01527512370831774,9.490746382544117,True,True
Manhattan | low_rain | Evening | 0,"['PU_Borough', 'rain_bucket', 'PU_time_zone', 'PU_weekday']",132,-0.4709310221691122,0.18097546050713884,0.00926327733504922,0.2334768652372471,0.7113430573196214,0.7825080483443948,27778800,11272400,39051200,57179810.0,320964877.27798426,89209660.80768953,410174538.0856738,0.8940807842174329,-0.06723141439035979,9.705508810662206,0.25015161102564226,4.6730873403717474,8.207851332461251,0.22630666396223126,4.82098130697682,0.10800417904537143,9.339547984668725,True,True
Queens | no_rain | Morning | 1,"['PU_Borough', 'rain_bucket', 'PU_time_zone', 'PU_weekday']",954,-0.4277313460585561,0.0799704915717955,8.86300036859301e-08,0.13658179938566306,0.7240035504973128,0.7299683929231148,95269600,36317600,131587200,172171432.0,699683660.718293,258828608.44510412,958512269.1633971,0.9663856212145867,0.21287979218860323,6.331412137023878,0.20151658085606247,4.693418993725294,6.3026673695471445,0.21224074345253605,4.605349703801388,-0.0015070716721432486,8.8458661671303,True,True
Manhattan | no_rain | Evening | 0,"['PU_Borough', 'rain_bucket', 'PU_time_zone', 'PU_weekday']",324,-0.42041850289439253,0.12332750588152441,0.0006521110180511639,0.22876680488956758,0.7055547121114358,0.7666070883773668,59485600,24824800,84310400,123673307.0,578529604.9437691,176132873.02562916,754662477.9693983,0.8714958020779509,-0.07546419203531327,8.802747156000228,0.23006896617420142,4.329255228849845,7.432366574070685,0.21413143418353042,4.52281245783968,0.08638850625910796,8.594103031586513,True,True
Manhattan | high_rain | Evening | 1,"['PU_Borough', 'rain_bucket', 'PU_time_zone', 'PU_weekday']",306,-0.408377521064199,0.1093285579361858,0.0001874741029721067,0.07792329432658884,0.719984464189083,0.8223977606109829,65993200,25666000,91659200,139571675.0,1088801570.2357965,235133905.25345406,1323935475.4892504,0.9447531783333294,-0.09681185952448867,10.621104754472178,0.29396708014981093,4.74882253201894,8.1897098128725,0.2454831282922199,5.001653483975185,0.18411879994900388,8.577510225353741,True,True
Queens | no_rain | Late Night | 1,"['PU_Borough', 'rain_bucket', 'PU_time_zone', 'PU_weekday']",826,-0.40764618430543437,0.09345531806941283,1.2891615566622654e-05,0.03365969024809068,0.7024134470176624,0.6886574904986252,29954000,12690400,42644400,49995613.0,216132627.62865812,97713704.70727047,313846332.33592856,0.881919905725547,0.4676831324942215,5.282646737987703,0.19578176565309285,5.883695233222487,5.169490070479604,0.2171047706447592,5.689694890716977,-0.0010027639957227636,7.975358731497963,True,True
Brooklyn | high_rain | Evening | 1,"['PU_Borough', 'rain_bucket', 'PU_time_zone', 'PU_weekday']",213,-0.3946087764201317,0.2751842429171858,0.151577891760107,0.12136922022149843,0.7114524499696182,0.6815218595748808,28568800,11586800,40155600,45490264.0,139222664.99203667,65059359.18086496,204282024.17290163,0.9083330173173086,0.5320514542106053,7.086585454391891,0.18288307313689706,4.486011741686356,7.251543970204877,0.22725055997879504,4.399949465384744,-0.03350664562205079,7.5508437010710585,False,False
Brooklyn | high_rain | Late Night | 1,"['PU_Borough', 'rain_bucket', 'PU_time_zone', 'PU_weekday']",125,0.42283016854085415,0.283816637667146,0.13627669978574464,0.1205664549390848,0.6799728303464131,0.7015492682677725,5205600,2450000,7655600,8728940.0,36611700.571215846,15575226.601576269,52186927.172792114,0.7422739481530098,0.38656290476541394,5.994950155005482,0.214575632527295,5.30953552133382,5.978547930138027,0.2142760467081396,5.107539494298449,-0.0034868061634341315,7.513836958002044,False,False
Queens | no_rain | Afternoon | 0,"['PU_Borough', 'rain_bucket', 'PU_time_zone', 'PU_weekday']",324,-0.38179902337458044,0.13010155381711344,0.0033395307252372048,0.22562107842672396,0.736226706183265,0.6901767975117113,36268000,12994000,49262000,59842538.0,221636970.3059871,99493747.3667208,321130717.6727079,1.0343217798089173,0.4323795382398258,5.981505888095704,0.157222815404689,4.883460555143688,6.1636036377987695,0.20254505519965998,4.711446195142748,-0.043048503205219184,7.478434468528865,True,True
Brooklyn | no_rain | Morning | 0,"['PU_Borough', 'rain_bucket', 'PU_time_zone', 'PU_weekday']",274,-0.38838303215240677,0.1699334213169354,0.022283458276838454,0.07211023663033467,0.7126866082741145,0.7124564118475907,25874800,10431200,36306000,43906457.0,152419612.40059415,61515738.40259282,213935350.80318695,0.904482942364043,0.3597482531310464,6.399108086260414,0.1953389938660524,4.755415372738456,6.345179794235922,0.2068702037253745,4.776863371801624,0.006816843709612199,7.449646570350963,True,True
Queens | high_rain | Afternoon | 1,"['PU_Borough', 'rain_bucket', 'PU_time_zone', 'PU_weekday']",306,-0.36914838370763076,0.12747547064078535,0.0037814687826206836,0.058220910917817004,0.7328515357298611,0.7215326202496437,32936400,12006400,44942800,57435526.0,240615781.2190531,92862947.90036249,333478729.1194156,1.013664499091645,0.29365249123299625,6.747589313034842,0.18738561136187604,4.741198372446104,6.7492419731288065,0.2090610904065129,4.621507286381226,-0.0047205184249279305,7.244570122027639,True,True
Brooklyn | no_rain | Evening | 1,"['PU_Borough', 'rain_bucket', 'PU_time_zone', 'PU_weekday']",727,-0.35181058019527567,0.15736892556324172,0.02537939688927214,0.03702264148548118,0.7164595177299916,0.6785345774639208,96635200,38243600,134878800,153621975.0,451667258.2115799,213983798.06874076,665651056.2803206,0.9392990233770311,0.5373474816322589,6.839311700059432,0.17509778982001845,4.330890067161973,7.0577773897994955,0.22486727684630575,4.308704923435673,-0.03993335419870165,7.147480900858981,True,True
Queens | high_rain | Afternoon | 0,"['PU_Borough', 'rain_bucket', 'PU_time_zone', 'PU_weekday']",168,-0.3787490907411251,0.20351094960225052,0.06273362064211942,0.10207059645352001,0.7451998005111901,0.6906826574831081,19126000,6539600,25665600,30946226.0,107270410.87785074,48040294.7199284,155310705.59777915,1.0860314914780924,0.4836013708449825,6.0133017485573035,0.15274670236330207,4.8473839322325265,6.291954357058741,0.20174869537453738,4.724816915778113,-0.05289102582189208,7.143563204050775,True,False
Manhattan | no_rain | Morning | 0,"['PU_Borough', 'rain_bucket', 'PU_time_zone', 'PU_weekday']",324,-0.3335017198914142,0.12539349480575354,0.007822390621794144,0.13909826853409724,0.7146171497992103,0.7823022323580267,33882000,13530800,47412800,71542646.0,403510029.120363,112288101.61498882,515798130.7353518,0.9008215980640273,-0.06273312276665294,7.174537918708615,0.2752793248334753,3.899995669262566,6.206003093835348,0.2372387356791899,4.042759770124632,0.09905101478042862,6.690453383913005,True,True
Queens | low_rain | Late Night | 0,"['PU_Borough', 'rain_bucket', 'PU_time_zone', 'PU_weekday']",120,-0.3425131137285497,0.28199931594781663,0.22452309396663095,0.10050561677908176,0.7007494854568754,0.7138738807817708,7218000,3082400,10300400,10981341.0,53763662.85110724,21548887.86475601,75312550.71586326,0.8416278774491073,0.6453684726415064,5.822169088649138,0.20803296334738405,5.959539027487145,5.576771129177103,0.20658697221527875,6.072941903270913,0.019434113756032427,6.212214244412332,False,False
Queens | low_rain | Afternoon | 1,"['PU_Borough', 'rain_bucket', 'PU_time_zone', 'PU_weekday']",306,-0.3055070943316153,0.10675568686239094,0.004213214446294526,0.17961290895827353,0.7338057344243549,0.7230159072824245,31315600,11360000,42675600,55226944.0,241046120.02765676,92343667.94211097,333389787.96976775,1.0198438289676677,0.2702952301692001,6.582260254792127,0.19548924017542227,4.626210799001007,6.625793524736656,0.21402932598905405,4.532856312546106,-0.013664806620743099,5.995522621210202,True,True
Brooklyn | high_rain | Afternoon | 1,"['PU_Borough', 'rain_bucket', 'PU_time_zone', 'PU_weekday']",296,-0.3014086095408987,0.2807086739972209,0.2829384649427371,0.12107164405279536,0.7226920004113305,0.6967859342272461,36544800,14022800,50567600,65373445.0,198343068.88879538,86311168.72689798,284654237.61569333,0.9622066731598243,0.23244456696326193,8.119522692374781,0.18446518932209427,4.713997578286309,8.169671932741442,0.21345842946980476,4.780616672785752,-0.019671898589761046,5.867456841375866,False,False
Bronx | low_rain | Afternoon | 1,"['PU_Borough', 'rain_bucket', 'PU_time_zone', 'PU_weekday']",176,-0.31924016007030726,0.17694300492492457,0.0712003219546799,0.11671586945635237,0.7541199913830245,0.6793218383292737,11202000,3652400,14854400,17849595.0,40179839.66268773,18967146.928389855,59146986.59107758,1.128541991507656,0.5193076503570717,6.807707996770102,0.13333973142506791,4.782895207343057,7.213750885785999,0.19678496516224972,4.9031086731259315,-0.0895134205014614,5.712973847031191,True,False
Bronx | low_rain | Morning | 1,"['PU_Borough', 'rain_bucket', 'PU_time_zone', 'PU_weekday']",226,-0.30828044744180133,0.139353962214573,0.026952049832400193,0.13396519220641878,0.7506710696560648,0.7235458420290932,15548800,5164400,20713200,26052412.0,76409963.02354845,29194904.816291988,105604867.83984044,1.1045767407665268,0.40439786543733297,6.533975193282527,0.17083412077841348,4.840327638487315,6.752132931152832,0.20729707832065256,4.894155096931818,-0.0427659820295961,5.695547557453512,True,True
Brooklyn | low_rain | Late Night | 0,"['PU_Borough', 'rain_bucket', 'PU_time_zone', 'PU_weekday']",96,-0.30714367790854397,0.2978129054186169,0.30238563155490006,0.015611332237773778,0.6584801917383336,0.6970722386061263,9341200,4844800,14186000,14697486.0,66273670.3177904,28800651.463137195,95074321.7809276,0.6519044754389519,0.5373016939475126,6.87234261196519,0.21632744555908748,5.63718767719524,6.551330496149675,0.20636726010174863,6.0078682103089704,0.015335102570263237,5.642281420579476,False,False
Queens | low_rain | Morning | 1,"['PU_Borough', 'rain_bucket', 'PU_time_zone', 'PU_weekday']",306,-0.2851790438254318,0.1397300562277446,0.04125794179379551,0.26856918071014135,0.7182172616772418,0.7364052054655145,30064000,11795200,41859200,54816726.0,230182701.03139597,82393444.98577845,312576146.0171744,0.9384674582922178,0.19619453836987913,6.383512396257148,0.20981923837605912,4.643380014584317,6.228656551053417,0.20903502918551536,4.637904440440877,0.01645758398828002,5.578204381797888,True,True
Queens | no_rain | Afternoon | 1,"['PU_Borough', 'rain_bucket', 'PU_time_zone', 'PU_weekday']",954,-0.2682022449926249,0.07642784827584874,0.0004494205297525979,0.09181520993676984,0.7394571679432868,0.7209769678224942,100052400,35252800,135305200,174504130.0,745098647.1092339,288358287.5271003,1033456934.6363342,1.0493992605008957,0.2946821214039708,6.571651922357109,0.18851438085241373,4.757096131576174,6.638084249474207,0.21451319155539103,4.557095213308042,-0.016912751846306924,5.566852804270416,True,True
Manhattan | low_rain | Morning | 1,"['PU_Borough', 'rain_bucket', 'PU_time_zone', 'PU_weekday']",306,-0.2677493703139188,0.11027576052636932,0.015182410179293214,0.18128013746980076,0.718977372671304,0.8177989928689502,43162800,16870800,60033600,99419959.0,673274377.7984673,150001737.32186204,823276115.1203294,0.9293496132501431,-0.2545109922663103,9.995003967495979,0.3185912090430634,3.958386601816329,7.770030672219773,0.2398863489408394,4.397370537672426,0.21236635129158088,5.496573862861098,True,True
Brooklyn | no_rain | Morning | 1,"['PU_Borough', 'rain_bucket', 'PU_time_zone', 'PU_weekday']",916,0.21971254524785414,0.09682718165791461,0.023260997551035837,0.07574538527424612,0.717312873909668,0.7278945782476283,100524800,39616000,140140800,195348315.0,685970367.0344589,256433090.18856376,942403457.2230227,0.9310985679172095,0.0672859282939632,7.583611394618901,0.20849137084266745,4.961948896670148,7.478782945129598,0.21348480328949584,5.104630319311129,0.01145973331922507,4.540127739985696,True,True
Manhattan | low_rain | Late Night | 1,"['PU_Borough', 'rain_bucket', 'PU_time_zone', 'PU_weekday']",303,0.2223370834014354,0.12924135025703082,0.08537344126886669,0.03353821232992105,0.695496507423918,0.7821977147143127,15851200,6940000,22791200,28443596.0,215385597.4826641,59973935.57520327,275359533.0578674,0.8335038252478274,0.2726384671149365,7.035726604177452,0.2902141961905678,4.369529455386785,5.820667237148624,0.2364212807864804,4.265866702795172,0.1280644256908664,4.320807320035953,True,False
Bronx | no_rain | Afternoon | 0,"['PU_Borough', 'rain_bucket', 'PU_time_zone', 'PU_weekday']",154,-0.2417238707876171,0.1559041585355626,0.12103005611645812,0.20040906039661643,0.7615675593887123,0.6512731109855174,10066400,3151600,13218000,14770456.0,29971040.439019028,16048117.934748847,46019158.373767875,1.1731610387027953,0.7620531819042475,6.010479588439635,0.1106852042391088,5.044171492326761,6.541616008289465,0.19348806396941595,5.094858723382557,-0.11034791974849836,4.265113366190461,False,False
Manhattan | low_rain | Late Night | 0,"['PU_Borough', 'rain_bucket', 'PU_time_zone', 'PU_weekday']",132,-0.21358620898034247,0.22958441112917252,0.3522071399067347,0.06702854378458778,0.6698714670485152,0.7356511878563787,15718400,7746400,23464800,30630630.0,210674176.71028456,75703634.11629769,286377810.82658225,0.6995548973168948,0.09390667305627849,8.132059972878595,0.2579653268565866,5.4091439849335625,7.0790619238515715,0.2508242314511758,5.432697304360009,0.0367455924760099,4.159126339633614,False,False
Bronx | high_rain | Morning | 1,"['PU_Borough', 'rain_bucket', 'PU_time_zone', 'PU_weekday']",232,-0.22233333140702818,0.13066455223077053,0.08883823170765298,0.02659584277994087,0.754214566423036,0.7235142761938428,16428000,5353600,21781600,27119330.0,79550377.31584229,30399598.701672092,109949976.01751438,1.1257832431268469,0.4395802198748743,6.798480162674527,0.16574025562667885,4.922688073304405,7.06434188680386,0.20798144086512446,4.869764636424808,-0.04455991480335442,4.116620816327048,True,False
Queens | low_rain | Evening | 1,"['PU_Borough', 'rain_bucket', 'PU_time_zone', 'PU_weekday']",306,-0.20844293171868195,0.15915971976960225,0.1903155313127053,0.06758846008405628,0.7320363730015651,0.7001846031103885,29560800,10820800,40381600,48033292.0,218450585.59875128,93539401.93930826,311989987.53805953,1.0114626766346044,0.4746798350446589,5.724044304046219,0.18330368379080472,5.518160469750038,5.862967766348334,0.2204666127811705,4.979407176154193,-0.03435025237340506,4.076827256601146,False,False
Brooklyn | high_rain | Afternoon | 0,"['PU_Borough', 'rain_bucket', 'PU_time_zone', 'PU_weekday']",152,-0.20836406861946005,0.3143001629177211,0.5073650724181582,0.17769811441585115,0.7286014139098858,0.6760895221194171,22632400,8430400,31062800,36656278.0,104278537.02667677,49959228.261835024,154237765.2885118,1.000888790573544,0.47961325896162643,7.219451246152637,0.1609343505519474,4.765984718073208,7.542597872760756,0.21254921036280905,4.786528015570602,-0.052128851755490466,3.9284973804893055,False,False
Queens | no_rain | Late Night | 0,"['PU_Borough', 'rain_bucket', 'PU_time_zone', 'PU_weekday']",288,-0.20260416229010542,0.13488368481011614,0.13308013087264653,0.06391661223175071,0.7010668340131785,0.7254703848570401,17874400,7621600,25496000,27039602.0,123120376.15208507,46590722.6356993,169711098.78778437,0.8543644892162532,0.6689676901107231,5.661943181625247,0.20189861610580437,5.767228000153194,5.443523285580292,0.19652253038686807,5.575469932183255,0.014106450653783556,3.8392694821932163,False,False
Brooklyn | no_rain | Late Night | 1,"['PU_Borough', 'rain_bucket', 'PU_time_zone', 'PU_weekday']",372,0.19958225356627543,0.18139391549927272,0.2712145708404655,0.04844298544696157,0.6894896590668455,0.7048063024712289,15628800,7038400,22667200,25946484.0,104840070.65711205,43910118.28063763,148750188.93774968,0.8091424751891354,0.42856578663935146,5.793813149589696,0.20903644620671927,5.159299882519705,5.830856983869981,0.2111436055100226,4.91646489840976,-0.007531628709174711,3.755694715838889,False,False
Brooklyn | high_rain | Morning | 1,"['PU_Borough', 'rain_bucket', 'PU_time_zone', 'PU_weekday']",299,0.17050826711253603,0.1822926298274284,0.34960553689978346,0.02882888500694314,0.71274777141237,0.7225781831083308,34188800,13778800,47967600,66073502.0,241635631.11444935,92771962.08882171,334407593.20327103,0.903795818377176,0.07111008666873149,7.943434926339697,0.21236504533143244,5.149245435043584,7.822694806266283,0.21770988682500805,5.267030214593817,0.01716199892994835,3.346714296699402,False,False
Brooklyn | high_rain | Late Night | 0,"['PU_Borough', 'rain_bucket', 'PU_time_zone', 'PU_weekday']",114,-0.1751329686664065,0.20022097078471954,0.3817380149643028,0.17503657107202852,0.6799907631913173,0.7090074382259577,11778800,5543200,17322000,17906183.0,74274563.37631524,30483947.425999153,104758510.80231439,0.7457881414487613,0.6340049350128559,6.689781137140391,0.20666709041052253,5.5222413232557335,6.368697083312814,0.1958236987711629,5.64633765956538,0.030990604112517826,3.234210019801908,False,False
Manhattan | no_rain | Morning | 1,"['PU_Borough', 'rain_bucket', 'PU_time_zone', 'PU_weekday']",954,-0.14677900683308664,0.05837392482704002,0.011921420085368931,0.19621182295861606,0.7202728121865867,0.8142405732492087,133867600,51989200,185856800,307324280.0,1987102991.55554,453334216.85579026,2440437208.41133,0.938401720288189,-0.249444050288987,9.773376532418222,0.3085582227204441,3.9017109697520675,7.745236792623465,0.23794694666691488,4.284342928030718,0.190553901640592,3.17269326231197,True,True
Manhattan | no_rain | Late Night | 0,"['PU_Borough', 'rain_bucket', 'PU_time_zone', 'PU_weekday']",322,0.15030632276206385,0.14503995220008395,0.30005763916022765,0.02597082591332267,0.6725289466252471,0.7447071719478378,38102800,18553200,56656000,73213696.0,445849732.6236581,152841604.6136409,598691337.237299,0.7095826987958084,0.12409263147449337,7.628715843564154,0.24237493682309683,5.346042944874417,6.606668797508617,0.22861118958930501,5.222100339853026,0.04269054848760566,3.037729370888981,False,False
Queens | high_rain | Evening | 0,"['PU_Borough', 'rain_bucket', 'PU_time_zone', 'PU_weekday']",168,-0.15611785390325789,0.21674890853452825,0.47135843817796574,0.10158775520877239,0.7404841597260061,0.646805579038545,19026000,6668000,25694000,29367104.0,93766667.343736,51202192.51538432,144968859.8591203,1.0696123897996057,0.620394524753068,5.633965147396716,0.13284347252042192,6.1996772681613,5.775495398386864,0.1993624490034937,6.120264984443016,-0.0366898465599642,2.9337713198713433,False,False
Manhattan | high_rain | Late Night | 0,"['PU_Borough', 'rain_bucket', 'PU_time_zone', 'PU_weekday']",168,0.14727138928657285,0.17183613300519213,0.3914197238728875,0.08560453487633224,0.6817909227204579,0.743912097101654,20009200,9338800,29348000,38161872.0,237891885.19004032,81893054.61250858,319784939.8025489,0.7558593475414849,0.14350415017470508,7.898937047240854,0.2445836005192564,5.474780958263096,6.87397697850618,0.23053270736102294,5.403234098113237,0.05010515614663948,2.8840390719939117,False,False
Bronx | no_rain | Morning | 0,"['PU_Borough', 'rain_bucket', 'PU_time_zone', 'PU_weekday']",183,0.14905753363268426,0.1545972050006492,0.33496217287296015,0.06838556884947788,0.754691645105296,0.7010911288015291,9217200,2996000,12213200,13908373.0,36731716.282026686,15660497.473148376,52392213.75517506,1.1278726658895968,0.6680882301161646,5.463625112494536,0.14787477399306576,4.906544735025168,5.722077578221289,0.20206915198960543,4.832664366255046,-0.06439561820182199,2.649388634405759,False,False
Queens | no_rain | Morning | 0,"['PU_Borough', 'rain_bucket', 'PU_time_zone', 'PU_weekday']",323,-0.13585486013008374,0.11784373076969626,0.24897643374596812,0.12373446683389322,0.7152207664555619,0.704798560430566,25613200,10198400,35811600,43111486.0,166768363.16681182,69850115.54422861,236618478.71104044,0.9195029937643304,0.37754918460259407,5.4515300133777265,0.18731973196883545,4.65164243786502,5.434192236679329,0.207878048257742,4.522687610942056,-0.014352384336661299,2.6195479260876873,False,False
Manhattan | high_rain | Evening | 0,"['PU_Borough', 'rain_bucket', 'PU_time_zone', 'PU_weekday']",168,0.12700890614877572,0.16584859090098739,0.44378793955565055,0.2972727199410391,0.721619690608267,0.7705090138314306,35956000,13870800,49826800,71347523.0,349537089.7366239,104107297.88515994,453644387.62178385,0.97604725755512,0.023041111555353468,9.368281420322969,0.22788780581670923,4.477583957219074,7.955836070492383,0.22572285156594324,4.617302888411109,0.0797114391583724,2.5316461935386854,False,False
Bronx | no_rain | Afternoon | 1,"['PU_Borough', 'rain_bucket', 'PU_time_zone', 'PU_weekday']",572,-0.129155111228396,0.08568575222192076,0.13173085660361866,0.01889937825352428,0.7619151163727148,0.6674176886592572,37842800,11825200,49668000,59289434.0,121266045.38289964,60428337.9747022,181694383.35760185,1.1750753273115784,0.5660967729497316,6.719287561098332,0.12064344101354514,4.824655537844065,7.238055904577055,0.1940241613080659,4.922807781370229,-0.0981066553129904,2.456250804853507,False,False
Bronx | no_rain | Morning | 1,"['PU_Borough', 'rain_bucket', 'PU_time_zone', 'PU_weekday']",715,-0.12367078395919714,0.09118857065872985,0.17503259648118663,0.0436904235567821,0.7525837335024614,0.7115425385797781,49837600,16384400,66222000,83078376.0,223397338.0822032,90564689.44196838,313962027.5241716,1.1217985586783927,0.42197145533918684,6.4908850828033176,0.15726423475461532,4.862414357553899,6.7981602927904135,0.20526601629097463,4.88265657799902,-0.058960673263355676,2.4195920031588796,False,False
Bronx | high_rain | Morning | 0,"['PU_Borough', 'rain_bucket', 'PU_time_zone', 'PU_weekday']",98,-0.1404943307583353,0.18692340481837863,0.45228295529077633,0.2004883221513345,0.7714067278287462,0.7195972826357663,5246800,1554800,6801600,7745292.0,21434472.732425574,8352288.904464759,29786761.636890333,1.230871363598531,0.740166901073384,5.618146593967868,0.15569767285439806,4.797507802019418,5.855230032884925,0.2084681144689653,4.663542555746116,-0.0686735532334793,2.4178476725212823,False,False
Brooklyn | no_rain | Late Night | 0,"['PU_Borough', 'rain_bucket', 'PU_time_zone', 'PU_weekday']",232,0.12425351529777592,0.16344447071441692,0.44712397042262586,0.07691454383929797,0.6685320802539056,0.7196425673370586,23844400,11822400,35666800,36913850.0,171494088.0911733,66810447.90336119,238304535.9945345,0.6957883569902896,0.5864593125986614,6.825436227177516,0.21451921227733886,5.672439912815764,6.503505302956192,0.19620273033998004,5.9063852238586225,0.019336727587163115,2.396733509415386,False,False
Manhattan | high_rain | Afternoon | 1,"['PU_Borough', 'rain_bucket', 'PU_time_zone', 'PU_weekday']",306,0.09971021280056967,0.09652794741069903,0.3016192037603609,0.12218025488564688,0.7324571516409192,0.8168747168236278,53368000,19493600,72861600,134049881.0,909625677.062827,203918001.4584722,1113543678.5212991,1.006616708159039,-0.41877405465097145,12.011005263900438,0.302987777665377,4.287525735347808,9.375364214780944,0.24214509876799872,4.804523406392365,0.20308619463589997,2.0770448240726003,False,False
Manhattan | no_rain | Afternoon | 1,"['PU_Borough', 'rain_bucket', 'PU_time_zone', 'PU_weekday']",954,-0.08665142693877548,0.048541053245084884,0.07424244932655176,0.08637607920702939,0.7329474989665151,0.8182791361169935,156733200,57106400,213839600,399156139.0,2552980998.1006417,566958012.2172619,3119939010.3179035,1.0121367755728639,-0.43938511551410026,10.99901930755394,0.3038458006345647,4.055426394703489,8.678824273722872,0.2366603275013138,4.424671135820728,0.18650942094375514,1.8942937149801249,True,False
Manhattan | high_rain | Morning | 1,"['PU_Borough', 'rain_bucket', 'PU_time_zone', 'PU_weekday']",306,-0.090310138962632,0.09738671991313008,0.35375249398559994,0.22240850678615987,0.7215105910328212,0.8151781810664553,46120400,17801600,63922000,104216273.0,728143480.3083413,165088818.12701297,893232298.4353542,0.9401547506861472,-0.22887192052179087,10.573534086142322,0.31302255707299986,4.099590218135061,8.292029704414993,0.24612142145467691,4.524016759779633,0.20961327087898746,1.8613242263017284,False,False
Bronx | no_rain | Evening | 1,"['PU_Borough', 'rain_bucket', 'PU_time_zone', 'PU_weekday']",224,-0.09189127248744647,0.176643163289183,0.6029182715466588,0.021014919961660383,0.7610512267734318,0.633615046700338,14826800,4655200,19482000,21105405.0,42580721.48967061,24622104.124110542,67202825.61378115,1.1794747734823956,0.8628537494394009,5.964079495827648,0.11251974731431742,4.9540664309121665,6.5925173549772165,0.21340821964201892,4.846821568836253,-0.1270379018735621,1.65617715927613,False,False
Manhattan | high_rain | Late Night | 1,"['PU_Borough', 'rain_bucket', 'PU_time_zone', 'PU_weekday']",303,0.07929887962217161,0.12148240215953558,0.5139108724854596,0.032604857037900614,0.6986323497738531,0.7882584324203101,15570000,6716400,22286400,27870430.0,215070433.02077222,57772107.16038213,272842540.1811544,0.845938816642645,0.2827747389580534,7.059830746903758,0.285691666583996,4.4619325092377276,5.841542721070181,0.23402511560685943,4.326883036955493,0.1140272449296293,1.540333586698434,False,False
Brooklyn | low_rain | Morning | 1,"['PU_Borough', 'rain_bucket', 'PU_time_zone', 'PU_weekday']",289,-0.05523865155833911,0.1818690345087474,0.7613354030387907,0.09014297447529485,0.7085098225370627,0.7326716321203388,31045200,12772400,43817600,61091371.0,223862895.58720067,81680387.06910385,305543282.65630454,0.8872024152923561,0.03925285846931121,7.666329827802344,0.2182918569829243,4.950657322146806,7.398387823423878,0.21158004572224376,5.16503359350559,0.031552742378952885,1.0792307896000475,False,False
Bronx | no_rain | Late Night | 1,"['PU_Borough', 'rain_bucket', 'PU_time_zone', 'PU_weekday']",181,-0.0617703462700043,0.13798825609743412,0.6544063171760961,0.005646859451529318,0.7200461660535238,0.6800731848976724,3992800,1552400,5545200,7149735.0,20616881.66466306,9698799.239246115,30315680.903909177,0.9404170509557521,0.26038604972563567,5.269746427732548,0.17307132154143626,5.497973382504778,5.356094476526771,0.2141037153482666,5.4360603883194205,-0.016608115228427558,1.06412860769832,False,False
Bronx | high_rain | Afternoon | 1,"['PU_Borough', 'rain_bucket', 'PU_time_zone', 'PU_weekday']",179,-0.05579180393380985,0.12149892501146854,0.6460935198897538,0.055549531709726874,0.7521154427319432,0.6688324359703726,11946000,3937200,15883200,18867166.0,41810302.83936603,20702070.35124597,62512373.190612,1.1181564525854693,0.5418804027665686,7.027122974658159,0.1314846368535587,4.886460474082554,7.374504781107023,0.198424071809323,4.997341104183083,-0.07218565030321301,1.0015117030241596,False,False
Manhattan | no_rain | Afternoon | 0,"['PU_Borough', 'rain_bucket', 'PU_time_zone', 'PU_weekday']",324,-0.036621761371311096,0.11059660504182733,0.740546923377456,0.007837113581599997,0.7212447863898418,0.782690039552334,56096400,21680800,77777200,128511938.0,682942438.7320752,189615539.8039616,872557978.5360368,0.9473011073960762,-0.26285857785546446,9.457600762663883,0.2576954192273289,4.397224455418293,8.027311330833092,0.23349303280195102,4.704696545340524,0.10614833113663086,0.7539299916681975,False,False
Brooklyn | low_rain | Late Night | 1,"['PU_Borough', 'rain_bucket', 'PU_time_zone', 'PU_weekday']",106,0.036740793132322314,0.3129785594825663,0.9065504004019199,0.11478969856850085,0.6728151075977163,0.7082981421024693,4289600,2086000,6375600,7341019.0,31039311.009384576,12783069.940605445,43822380.94999002,0.7154642678434517,0.33545823842187356,5.943586598963453,0.22250023270600716,5.196394794810197,5.816953556926886,0.21145787280960593,5.102987135529377,0.018060974728441277,0.6464783295037365,False,False
Brooklyn | no_rain | Afternoon | 1,"['PU_Borough', 'rain_bucket', 'PU_time_zone', 'PU_weekday']",903,-0.02396822953628457,0.09709462529131219,0.8050209551218939,0.03974603252890685,0.7292483253418381,0.7028388755684905,106644400,39594400,146238800,191418200.0,576851333.8026654,243893439.79296112,820744773.5956265,0.9962308588438645,0.224875209336993,7.835920998858674,0.18477681414744127,4.572328945340158,7.9597090467154,0.21590448886131558,4.659661693743937,-0.02442707577388084,0.4919652342151186,False,False
Manhattan | low_rain | Afternoon | 0,"['PU_Borough', 'rain_bucket', 'PU_time_zone', 'PU_weekday']",132,-0.022069214684209124,0.19247013766353746,0.9087121956689954,0.24972569395943578,0.7117078307486119,0.7881502974630913,23790400,9636800,33427200,55225263.0,312779124.18057156,84073005.65728955,396852129.8378611,0.8996901568739788,-0.28792640049116336,9.827071477043416,0.2761540076921709,4.426140699960678,8.20210639861341,0.2376907565752445,4.789001217244325,0.13374083228261652,0.4369500213385414,False,False
Brooklyn | high_rain | Morning | 0,"['PU_Borough', 'rain_bucket', 'PU_time_zone', 'PU_weekday']",138,0.018067663389764232,0.24386419429460507,0.94093953824595,0.10774045136529409,0.7192669211509256,0.7112043131742048,14018800,5471600,19490400,23353225.0,79836236.48705663,32418758.326931894,112254994.81398852,0.9446966360413083,0.40694851389595027,6.47662494699085,0.1906192034572337,4.812480747191969,6.494305819013886,0.20839180458721654,4.798158734915643,-0.0015848753558991612,0.33490733239652903,False,False
Manhattan | high_rain | Afternoon | 0,"['PU_Borough', 'rain_bucket', 'PU_time_zone', 'PU_weekday']",168,-0.013133185477808219,0.15559186167267314,0.9327321101785145,0.08127220108381628,0.7355290308808881,0.7981305411115127,33078800,11894000,44972800,72593133.0,396276814.65509295,100229451.22870585,496506265.88379884,1.0350148201906904,-0.18100479024127933,10.00120817698315,0.2622862250926432,4.341162778289825,8.481500468268818,0.23221619886399653,4.636907530428504,0.10957262517847566,0.262967173653582,False,False
Manhattan | low_rain | Afternoon | 1,"['PU_Borough', 'rain_bucket', 'PU_time_zone', 'PU_weekday']",306,0.008586116886189286,0.1042002741421014,0.9343285269479559,0.11391355752053256,0.7301981782731426,0.8168969858901977,50183600,18542400,68726000,128795604.0,865848441.9524717,194075216.60887086,1059923658.5613426,0.9969391544658864,-0.452301720782445,11.205515348680851,0.30882541709233774,4.10555356340132,8.825120151015533,0.24067671862609613,4.548674914303213,0.19161308735361945,0.17843206800733882,False,False
Manhattan | no_rain | Late Night | 1,"['PU_Borough', 'rain_bucket', 'PU_time_zone', 'PU_weekday']",954,-0.003905126805698945,0.08188979418900928,0.9619652258108216,0.0031582336842576053,0.7049446435409844,0.7813197440466522,49334000,20648800,69982800,87011952.0,610034961.9245555,170740087.69217432,780775049.6167299,0.8645418952049405,0.30634958585284244,6.730307919069047,0.27599541267413247,4.313846382402395,5.685221819868746,0.22934497293504594,4.163058804207252,0.10608631676583173,0.07996058622787912,False,False
